"","number","time","position","race_id","athlete_id","world_athletics_id","birth","nationality","sex","active_seasons","temperature","humidity","conditions","competition","stadium_id","round","event","name","final_position","color","Reference Bit","Critical Speed (m/s)","Work Capacity (m)","R2","velocity","w_r","rel_w_r"
"1",1,14,2,1,12,15092355,"1998-08-10T00:00:00.000Z","KEN","MALE"," 2024 2023","Undefined","Undefined","Undefined","1500m",1,"Final","Olympic Games","Brian Komen",12,"#A2A2A2",1,5.20403456814099,370.564068796427,0.937116524857989,7.14285714285714,343.4205527504,0.926750814955732
"2",2,13.4,2,1,12,15092355,"1998-08-10T00:00:00.000Z","KEN","MALE"," 2024 2023","Undefined","Undefined","Undefined","1500m",1,"Final","Olympic Games","Brian Komen",12,"#A2A2A2",1,5.20403456814099,370.564068796427,0.937116524857989,7.46268656716418,313.15461596349,0.845075500656607
"3",3,13.7,2,1,12,15092355,"1998-08-10T00:00:00.000Z","KEN","MALE"," 2024 2023","Undefined","Undefined","Undefined","1500m",1,"Final","Olympic Games","Brian Komen",12,"#A2A2A2",1,5.20403456814099,370.564068796427,0.937116524857989,7.2992700729927,284.449889547021,0.767613250984911
"4",4,13.8,2,1,12,15092355,"1998-08-10T00:00:00.000Z","KEN","MALE"," 2024 2023","Undefined","Undefined","Undefined","1500m",1,"Final","Olympic Games","Brian Komen",12,"#A2A2A2",1,5.20403456814099,370.564068796427,0.937116524857989,7.2463768115942,256.265566587367,0.691555356189025
"5",5,14.1,2,1,12,15092355,"1998-08-10T00:00:00.000Z","KEN","MALE"," 2024 2023","Undefined","Undefined","Undefined","1500m",1,"Final","Olympic Games","Brian Komen",12,"#A2A2A2",0,5.20403456814099,370.564068796427,0.937116524857989,7.09219858156028,229.642453998155,0.619710526020567
"6",6,14.1,2,1,12,15092355,"1998-08-10T00:00:00.000Z","KEN","MALE"," 2024 2023","Undefined","Undefined","Undefined","1500m",1,"Final","Olympic Games","Brian Komen",12,"#A2A2A2",0,5.20403456814099,370.564068796427,0.937116524857989,7.09219858156028,203.019341408943,0.547865695852109
"7",7,14.3,2,1,12,15092355,"1998-08-10T00:00:00.000Z","KEN","MALE"," 2024 2023","Undefined","Undefined","Undefined","1500m",1,"Final","Olympic Games","Brian Komen",12,"#A2A2A2",0,5.20403456814099,370.564068796427,0.937116524857989,6.99300699300699,177.437035733359,0.47882957543527
"8",8,14.2,2,1,12,15092355,"1998-08-10T00:00:00.000Z","KEN","MALE"," 2024 2023","Undefined","Undefined","Undefined","1500m",1,"Final","Olympic Games","Brian Komen",12,"#A2A2A2",0,5.20403456814099,370.564068796427,0.937116524857989,7.04225352112676,151.334326600961,0.408389100142621
"9",9,14.8,5,1,12,15092355,"1998-08-10T00:00:00.000Z","KEN","MALE"," 2024 2023","Undefined","Undefined","Undefined","1500m",1,"Final","Olympic Games","Brian Komen",12,"#A2A2A2",0,5.20403456814099,370.564068796427,0.937116524857989,6.75675675675676,128.354038209448,0.346374754104831
"10",10,15,9,1,12,15092355,"1998-08-10T00:00:00.000Z","KEN","MALE"," 2024 2023","Undefined","Undefined","Undefined","1500m",1,"Final","Olympic Games","Brian Komen",12,"#A2A2A2",0,5.20403456814099,370.564068796427,0.937116524857989,6.66666666666667,106.414556731563,0.287169117818659
"11",11,14.7,12,1,12,15092355,"1998-08-10T00:00:00.000Z","KEN","MALE"," 2024 2023","Undefined","Undefined","Undefined","1500m",1,"Final","Olympic Games","Brian Komen",12,"#A2A2A2",0,5.20403456814099,370.564068796427,0.937116524857989,6.80272108843537,82.9138648832352,0.223750416905058
"12",12,14.4,12,1,12,15092355,"1998-08-10T00:00:00.000Z","KEN","MALE"," 2024 2023","Undefined","Undefined","Undefined","1500m",1,"Final","Olympic Games","Brian Komen",12,"#A2A2A2",0,5.20403456814099,370.564068796427,0.937116524857989,6.94444444444444,57.8519626644654,0.156118651364029
"13",13,14.1,12,1,12,15092355,"1998-08-10T00:00:00.000Z","KEN","MALE"," 2024 2023","Undefined","Undefined","Undefined","1500m",1,"Final","Olympic Games","Brian Komen",12,"#A2A2A2",0,5.20403456814099,370.564068796427,0.937116524857989,7.09219858156028,31.2288500752534,0.0842738211955711
"14",14,14.9,12,1,12,15092355,"1998-08-10T00:00:00.000Z","KEN","MALE"," 2024 2023","Undefined","Undefined","Undefined","1500m",1,"Final","Olympic Games","Brian Komen",12,"#A2A2A2",0,5.20403456814099,370.564068796427,0.937116524857989,6.71140939597315,8.76896514055413,0.0236638300335898
"15",15,16,12,1,12,15092355,"1998-08-10T00:00:00.000Z","KEN","MALE"," 2024 2023","Undefined","Undefined","Undefined","1500m",1,"Final","Olympic Games","Brian Komen",12,"#A2A2A2",0,5.20403456814099,370.564068796427,0.937116524857989,6.25,-7.96648176919003,-0.0214982574944861
"16",1,14.5,9,1,1,14905834,"2001-06-06T00:00:00.000Z","USA","MALE"," 2024 2023 2022 2021 2020 2019","Undefined","Undefined","Undefined","1500m",1,"Final","Olympic Games","Cole Hocker",1,"#FFD700",0,5.93751493180953,203.389266607739,0.997612726009812,6.89655172413793,189.483233118977,0.931628479119396
"17",2,14,9,1,1,14905834,"2001-06-06T00:00:00.000Z","USA","MALE"," 2024 2023 2022 2021 2020 2019","Undefined","Undefined","Undefined","1500m",1,"Final","Olympic Games","Cole Hocker",1,"#FFD700",1,5.93751493180953,203.389266607739,0.997612726009812,7.14285714285714,172.608442164311,0.84866052689598
"18",3,13.5,9,1,1,14905834,"2001-06-06T00:00:00.000Z","USA","MALE"," 2024 2023 2022 2021 2020 2019","Undefined","Undefined","Undefined","1500m",1,"Final","Olympic Games","Cole Hocker",1,"#FFD700",1,5.93751493180953,203.389266607739,0.997612726009812,7.40740740740741,152.76489374374,0.751096143329752
"19",4,13.6,7,1,1,14905834,"2001-06-06T00:00:00.000Z","USA","MALE"," 2024 2023 2022 2021 2020 2019","Undefined","Undefined","Undefined","1500m",1,"Final","Olympic Games","Cole Hocker",1,"#FFD700",1,5.93751493180953,203.389266607739,0.997612726009812,7.35294117647059,133.515096816349,0.656451046032086
"20",5,14,7,1,1,14905834,"2001-06-06T00:00:00.000Z","USA","MALE"," 2024 2023 2022 2021 2020 2019","Undefined","Undefined","Undefined","1500m",1,"Final","Olympic Games","Cole Hocker",1,"#FFD700",1,5.93751493180953,203.389266607739,0.997612726009812,7.14285714285714,116.640305861683,0.57348309380867
"21",6,14,7,1,1,14905834,"2001-06-06T00:00:00.000Z","USA","MALE"," 2024 2023 2022 2021 2020 2019","Undefined","Undefined","Undefined","1500m",1,"Final","Olympic Games","Cole Hocker",1,"#FFD700",1,5.93751493180953,203.389266607739,0.997612726009812,7.14285714285714,99.7655149070161,0.490515141585254
"22",7,14.4,7,1,1,14905834,"2001-06-06T00:00:00.000Z","USA","MALE"," 2024 2023 2022 2021 2020 2019","Undefined","Undefined","Undefined","1500m",1,"Final","Olympic Games","Cole Hocker",1,"#FFD700",0,5.93751493180953,203.389266607739,0.997612726009812,6.94444444444444,85.2657299250734,0.419224334436087
"23",8,14.2,7,1,1,14905834,"2001-06-06T00:00:00.000Z","USA","MALE"," 2024 2023 2022 2021 2020 2019","Undefined","Undefined","Undefined","1500m",1,"Final","Olympic Games","Cole Hocker",1,"#FFD700",0,5.93751493180953,203.389266607739,0.997612726009812,7.04225352112676,69.5784419567687,0.342094954749796
"24",9,14.3,6,1,1,14905834,"2001-06-06T00:00:00.000Z","USA","MALE"," 2024 2023 2022 2021 2020 2019","Undefined","Undefined","Undefined","1500m",1,"Final","Olympic Games","Cole Hocker",1,"#FFD700",0,5.93751493180953,203.389266607739,0.997612726009812,6.99300699300699,54.484905481645,0.267884861332067
"25",10,13.9,5,1,1,14905834,"2001-06-06T00:00:00.000Z","USA","MALE"," 2024 2023 2022 2021 2020 2019","Undefined","Undefined","Undefined","1500m",1,"Final","Olympic Games","Cole Hocker",1,"#FFD700",1,5.93751493180953,203.389266607739,0.997612726009812,7.19424460431655,37.0163630337975,0.181997622840088
"26",11,13.9,5,1,1,14905834,"2001-06-06T00:00:00.000Z","USA","MALE"," 2024 2023 2022 2021 2020 2019","Undefined","Undefined","Undefined","1500m",1,"Final","Olympic Games","Cole Hocker",1,"#FFD700",1,5.93751493180953,203.389266607739,0.997612726009812,7.19424460431655,19.54782058595,0.0961103843481099
"27",12,13.7,4,1,1,14905834,"2001-06-06T00:00:00.000Z","USA","MALE"," 2024 2023 2022 2021 2020 2019","Undefined","Undefined","Undefined","1500m",1,"Final","Olympic Games","Cole Hocker",1,"#FFD700",1,5.93751493180953,203.389266607739,0.997612726009812,7.2992700729927,0.891775151740607,0.00438457331900657
"28",13,13.3,3,1,1,14905834,"2001-06-06T00:00:00.000Z","USA","MALE"," 2024 2023 2022 2021 2020 2019","Undefined","Undefined","Undefined","1500m",1,"Final","Olympic Games","Cole Hocker",1,"#FFD700",1,5.93751493180953,203.389266607739,0.997612726009812,7.5187969924812,-20.1392762551926,-0.0990183827843465
"29",14,13.3,3,1,1,14905834,"2001-06-06T00:00:00.000Z","USA","MALE"," 2024 2023 2022 2021 2020 2019","Undefined","Undefined","Undefined","1500m",1,"Final","Olympic Games","Cole Hocker",1,"#FFD700",1,5.93751493180953,203.389266607739,0.997612726009812,7.5187969924812,-41.1703276621258,-0.202421338887699
"30",15,13,1,1,1,14905834,"2001-06-06T00:00:00.000Z","USA","MALE"," 2024 2023 2022 2021 2020 2019","Undefined","Undefined","Undefined","1500m",1,"Final","Olympic Games","Cole Hocker",1,"#FFD700",1,5.93751493180953,203.389266607739,0.997612726009812,7.69230769230769,-63.9826335486019,-0.31458215379674
"31",1,14.3,5,1,5,14970747,"2003-03-15T00:00:00.000Z","USA","MALE"," 2024 2023 2022 2021","Undefined","Undefined","Undefined","1500m",1,"Final","Olympic Games","Hobbs Kessler",5,"#6C6C6C",0,6.10985396460853,159.947083272987,0.995473010817826,6.99300699300699,147.317994966889,0.92104208437147
"32",2,13.5,5,1,5,14970747,"2003-03-15T00:00:00.000Z","USA","MALE"," 2024 2023 2022 2021","Undefined","Undefined","Undefined","1500m",1,"Final","Olympic Games","Hobbs Kessler",5,"#6C6C6C",1,6.10985396460853,159.947083272987,0.995473010817826,7.40740740740741,129.801023489104,0.811524792031177
"33",3,13.7,6,1,5,14970747,"2003-03-15T00:00:00.000Z","USA","MALE"," 2024 2023 2022 2021","Undefined","Undefined","Undefined","1500m",1,"Final","Olympic Games","Hobbs Kessler",5,"#6C6C6C",1,6.10985396460853,159.947083272987,0.995473010817826,7.2992700729927,113.506022804241,0.709647343868826
"34",4,13.8,5,1,5,14970747,"2003-03-15T00:00:00.000Z","USA","MALE"," 2024 2023 2022 2021","Undefined","Undefined","Undefined","1500m",1,"Final","Olympic Games","Hobbs Kessler",5,"#6C6C6C",1,6.10985396460853,159.947083272987,0.995473010817826,7.2463768115942,97.8220075158389,0.611589817795444
"35",5,14.1,5,1,5,14970747,"2003-03-15T00:00:00.000Z","USA","MALE"," 2024 2023 2022 2021","Undefined","Undefined","Undefined","1500m",1,"Final","Olympic Games","Hobbs Kessler",5,"#6C6C6C",0,6.10985396460853,159.947083272987,0.995473010817826,7.09219858156028,83.9709484168192,0.524992057988973
"36",6,14,5,1,5,14970747,"2003-03-15T00:00:00.000Z","USA","MALE"," 2024 2023 2022 2021","Undefined","Undefined","Undefined","1500m",1,"Final","Olympic Games","Hobbs Kessler",5,"#6C6C6C",1,6.10985396460853,159.947083272987,0.995473010817826,7.14285714285714,69.5089039213387,0.434574376093532
"37",7,14.4,5,1,5,14970747,"2003-03-15T00:00:00.000Z","USA","MALE"," 2024 2023 2022 2021","Undefined","Undefined","Undefined","1500m",1,"Final","Olympic Games","Hobbs Kessler",5,"#6C6C6C",0,6.10985396460853,159.947083272987,0.995473010817826,6.94444444444444,57.4908010117015,0.359436382553973
"38",8,14.2,5,1,5,14970747,"2003-03-15T00:00:00.000Z","USA","MALE"," 2024 2023 2022 2021","Undefined","Undefined","Undefined","1500m",1,"Final","Olympic Games","Hobbs Kessler",5,"#6C6C6C",0,6.10985396460853,159.947083272987,0.995473010817826,7.04225352112676,44.2507273091427,0.276658544836472
"39",9,14.5,7,1,5,14970747,"2003-03-15T00:00:00.000Z","USA","MALE"," 2024 2023 2022 2021","Undefined","Undefined","Undefined","1500m",1,"Final","Olympic Games","Hobbs Kessler",5,"#6C6C6C",0,6.10985396460853,159.947083272987,0.995473010817826,6.89655172413793,32.8436097959664,0.205340473385883
"40",10,14.2,6,1,5,14970747,"2003-03-15T00:00:00.000Z","USA","MALE"," 2024 2023 2022 2021","Undefined","Undefined","Undefined","1500m",1,"Final","Olympic Games","Hobbs Kessler",5,"#6C6C6C",0,6.10985396460853,159.947083272987,0.995473010817826,7.04225352112676,19.6035360934075,0.122562635668382
"41",11,13.8,6,1,5,14970747,"2003-03-15T00:00:00.000Z","USA","MALE"," 2024 2023 2022 2021","Undefined","Undefined","Undefined","1500m",1,"Final","Olympic Games","Hobbs Kessler",5,"#6C6C6C",1,6.10985396460853,159.947083272987,0.995473010817826,7.2463768115942,3.91952080500529,0.0245051095950009
"42",12,13.7,6,1,5,14970747,"2003-03-15T00:00:00.000Z","USA","MALE"," 2024 2023 2022 2021","Undefined","Undefined","Undefined","1500m",1,"Final","Olympic Games","Hobbs Kessler",5,"#6C6C6C",1,6.10985396460853,159.947083272987,0.995473010817826,7.2992700729927,-12.3754798798578,-0.0773723385673509
"43",13,13.7,6,1,5,14970747,"2003-03-15T00:00:00.000Z","USA","MALE"," 2024 2023 2022 2021","Undefined","Undefined","Undefined","1500m",1,"Final","Olympic Games","Hobbs Kessler",5,"#6C6C6C",1,6.10985396460853,159.947083272987,0.995473010817826,7.2992700729927,-28.6704805647209,-0.179249786729703
"44",14,13.5,5,1,5,14970747,"2003-03-15T00:00:00.000Z","USA","MALE"," 2024 2023 2022 2021","Undefined","Undefined","Undefined","1500m",1,"Final","Olympic Games","Hobbs Kessler",5,"#6C6C6C",1,6.10985396460853,159.947083272987,0.995473010817826,7.40740740740741,-46.1874520425058,-0.288767079069995
"45",15,14,5,1,5,14970747,"2003-03-15T00:00:00.000Z","USA","MALE"," 2024 2023 2022 2021","Undefined","Undefined","Undefined","1500m",1,"Final","Olympic Games","Hobbs Kessler",5,"#6C6C6C",1,6.10985396460853,159.947083272987,0.995473010817826,7.14285714285714,-60.6494965379863,-0.379184760965436
"46",1,14,1,1,4,14653717,"2000-09-19T00:00:00.000Z","NOR","MALE"," 2024 2023 2022 2021 2020 2019 2018 2017 2016 2015 2014","Undefined","Undefined","Undefined","1500m",1,"Final","Olympic Games","Jakob Ingebrigtsen",4,"#626262",1,5.96123315664857,173.338471697221,0.993937690208661,7.14285714285714,156.795735890301,0.904563968720019
"47",2,13.3,1,1,4,14653717,"2000-09-19T00:00:00.000Z","NOR","MALE"," 2024 2023 2022 2021 2020 2019 2018 2017 2016 2015 2014","Undefined","Undefined","Undefined","1500m",1,"Final","Olympic Games","Jakob Ingebrigtsen",4,"#626262",1,5.96123315664857,173.338471697221,0.993937690208661,7.5187969924812,136.080136873726,0.78505444025966
"48",3,13.8,1,1,4,14653717,"2000-09-19T00:00:00.000Z","NOR","MALE"," 2024 2023 2022 2021 2020 2019 2018 2017 2016 2015 2014","Undefined","Undefined","Undefined","1500m",1,"Final","Olympic Games","Jakob Ingebrigtsen",4,"#626262",1,5.96123315664857,173.338471697221,0.993937690208661,7.2463768115942,118.345154435477,0.682740266928142
"49",4,13.8,1,1,4,14653717,"2000-09-19T00:00:00.000Z","NOR","MALE"," 2024 2023 2022 2021 2020 2019 2018 2017 2016 2015 2014","Undefined","Undefined","Undefined","1500m",1,"Final","Olympic Games","Jakob Ingebrigtsen",4,"#626262",1,5.96123315664857,173.338471697221,0.993937690208661,7.2463768115942,100.610171997227,0.580426093596625
"50",5,14.1,1,1,4,14653717,"2000-09-19T00:00:00.000Z","NOR","MALE"," 2024 2023 2022 2021 2020 2019 2018 2017 2016 2015 2014","Undefined","Undefined","Undefined","1500m",1,"Final","Olympic Games","Jakob Ingebrigtsen",4,"#626262",0,5.96123315664857,173.338471697221,0.993937690208661,7.09219858156028,84.6635595059717,0.488429133342412
"51",6,14,1,1,4,14653717,"2000-09-19T00:00:00.000Z","NOR","MALE"," 2024 2023 2022 2021 2020 2019 2018 2017 2016 2015 2014","Undefined","Undefined","Undefined","1500m",1,"Final","Olympic Games","Jakob Ingebrigtsen",4,"#626262",1,5.96123315664857,173.338471697221,0.993937690208661,7.14285714285714,68.1208236990516,0.392993102062431
"52",7,14.3,1,1,4,14653717,"2000-09-19T00:00:00.000Z","NOR","MALE"," 2024 2023 2022 2021 2020 2019 2018 2017 2016 2015 2014","Undefined","Undefined","Undefined","1500m",1,"Final","Olympic Games","Jakob Ingebrigtsen",4,"#626262",0,5.96123315664857,173.338471697221,0.993937690208661,6.99300699300699,53.3664578391261,0.307874283859754
"53",8,14.2,1,1,4,14653717,"2000-09-19T00:00:00.000Z","NOR","MALE"," 2024 2023 2022 2021 2020 2019 2018 2017 2016 2015 2014","Undefined","Undefined","Undefined","1500m",1,"Final","Olympic Games","Jakob Ingebrigtsen",4,"#626262",0,5.96123315664857,173.338471697221,0.993937690208661,7.04225352112676,38.0159686635357,0.219316394631309
"54",9,14,1,1,4,14653717,"2000-09-19T00:00:00.000Z","NOR","MALE"," 2024 2023 2022 2021 2020 2019 2018 2017 2016 2015 2014","Undefined","Undefined","Undefined","1500m",1,"Final","Olympic Games","Jakob Ingebrigtsen",4,"#626262",1,5.96123315664857,173.338471697221,0.993937690208661,7.14285714285714,21.4732328566156,0.123880363351328
"55",10,13.9,1,1,4,14653717,"2000-09-19T00:00:00.000Z","NOR","MALE"," 2024 2023 2022 2021 2020 2019 2018 2017 2016 2015 2014","Undefined","Undefined","Undefined","1500m",1,"Final","Olympic Games","Jakob Ingebrigtsen",4,"#626262",1,5.96123315664857,173.338471697221,0.993937690208661,7.19424460431655,4.33437373403064,0.0250052610455786
"56",11,14.1,1,1,4,14653717,"2000-09-19T00:00:00.000Z","NOR","MALE"," 2024 2023 2022 2021 2020 2019 2018 2017 2016 2015 2014","Undefined","Undefined","Undefined","1500m",1,"Final","Olympic Games","Jakob Ingebrigtsen",4,"#626262",0,5.96123315664857,173.338471697221,0.993937690208661,7.09219858156028,-11.6122387572246,-0.0669916992086344
"57",12,13.8,1,1,4,14653717,"2000-09-19T00:00:00.000Z","NOR","MALE"," 2024 2023 2022 2021 2020 2019 2018 2017 2016 2015 2014","Undefined","Undefined","Undefined","1500m",1,"Final","Olympic Games","Jakob Ingebrigtsen",4,"#626262",1,5.96123315664857,173.338471697221,0.993937690208661,7.2463768115942,-29.3472211954744,-0.169305872540152
"58",13,13.6,1,1,4,14653717,"2000-09-19T00:00:00.000Z","NOR","MALE"," 2024 2023 2022 2021 2020 2019 2018 2017 2016 2015 2014","Undefined","Undefined","Undefined","1500m",1,"Final","Olympic Games","Jakob Ingebrigtsen",4,"#626262",1,5.96123315664857,173.338471697221,0.993937690208661,7.35294117647059,-48.2744502650539,-0.278498187923206
"59",14,13.5,1,1,4,14653717,"2000-09-19T00:00:00.000Z","NOR","MALE"," 2024 2023 2022 2021 2020 2019 2018 2017 2016 2015 2014","Undefined","Undefined","Undefined","1500m",1,"Final","Olympic Games","Jakob Ingebrigtsen",4,"#626262",1,5.96123315664857,173.338471697221,0.993937690208661,7.40740740740741,-67.7978026502983,-0.391129574332028
"60",15,13.8,4,1,4,14653717,"2000-09-19T00:00:00.000Z","NOR","MALE"," 2024 2023 2022 2021 2020 2019 2018 2017 2016 2015 2014","Undefined","Undefined","Undefined","1500m",1,"Final","Olympic Games","Jakob Ingebrigtsen",4,"#626262",1,5.96123315664857,173.338471697221,0.993937690208661,7.2463768115942,-85.5327850885481,-0.493443747663546
"61",1,14.1,3,1,2,14533464,"1997-10-08T00:00:00.000Z","GBR","MALE"," 2024 2023 2022 2021 2020 2019 2018 2017 2016 2015 2014 2013 2012","Undefined","Undefined","Undefined","1500m",1,"Final","Olympic Games","Josh Kerr",2,"#C0C0C0",0,5.8730048729607,175.333276003894,0.993040851058842,7.09219858156028,158.14264471264,0.901954542326168
"62",2,13.5,3,1,2,14533464,"1997-10-08T00:00:00.000Z","GBR","MALE"," 2024 2023 2022 2021 2020 2019 2018 2017 2016 2015 2014 2013 2012","Undefined","Undefined","Undefined","1500m",1,"Final","Olympic Games","Josh Kerr",2,"#C0C0C0",1,5.8730048729607,175.333276003894,0.993040851058842,7.40740740740741,137.42821049761,0.783811342774188
"63",3,13.7,3,1,2,14533464,"1997-10-08T00:00:00.000Z","GBR","MALE"," 2024 2023 2022 2021 2020 2019 2018 2017 2016 2015 2014 2013 2012","Undefined","Undefined","Undefined","1500m",1,"Final","Olympic Games","Josh Kerr",2,"#C0C0C0",1,5.8730048729607,175.333276003894,0.993040851058842,7.2992700729927,117.888377257171,0.672367390514923
"64",4,13.8,3,1,2,14533464,"1997-10-08T00:00:00.000Z","GBR","MALE"," 2024 2023 2022 2021 2020 2019 2018 2017 2016 2015 2014 2013 2012","Undefined","Undefined","Undefined","1500m",1,"Final","Olympic Games","Josh Kerr",2,"#C0C0C0",1,5.8730048729607,175.333276003894,0.993040851058842,7.2463768115942,98.935844504029,0.564273061902017
"65",5,14.1,3,1,2,14533464,"1997-10-08T00:00:00.000Z","GBR","MALE"," 2024 2023 2022 2021 2020 2019 2018 2017 2016 2015 2014 2013 2012","Undefined","Undefined","Undefined","1500m",1,"Final","Olympic Games","Josh Kerr",2,"#C0C0C0",0,5.8730048729607,175.333276003894,0.993040851058842,7.09219858156028,81.7452132127748,0.466227604228185
"66",6,14,3,1,2,14533464,"1997-10-08T00:00:00.000Z","GBR","MALE"," 2024 2023 2022 2021 2020 2019 2018 2017 2016 2015 2014 2013 2012","Undefined","Undefined","Undefined","1500m",1,"Final","Olympic Games","Josh Kerr",2,"#C0C0C0",1,5.8730048729607,175.333276003894,0.993040851058842,7.14285714285714,63.9672814342247,0.364832522907995
"67",7,14.4,4,1,2,14533464,"1997-10-08T00:00:00.000Z","GBR","MALE"," 2024 2023 2022 2021 2020 2019 2018 2017 2016 2015 2014 2013 2012","Undefined","Undefined","Undefined","1500m",1,"Final","Olympic Games","Josh Kerr",2,"#C0C0C0",0,5.8730048729607,175.333276003894,0.993040851058842,6.94444444444444,48.5385516048587,0.276835936173238
"68",8,14.2,3,1,2,14533464,"1997-10-08T00:00:00.000Z","GBR","MALE"," 2024 2023 2022 2021 2020 2019 2018 2017 2016 2015 2014 2013 2012","Undefined","Undefined","Undefined","1500m",1,"Final","Olympic Games","Josh Kerr",2,"#C0C0C0",0,5.8730048729607,175.333276003894,0.993040851058842,7.04225352112676,31.9352208009007,0.182140102145764
"69",9,14.3,3,1,2,14533464,"1997-10-08T00:00:00.000Z","GBR","MALE"," 2024 2023 2022 2021 2020 2019 2018 2017 2016 2015 2014 2013 2012","Undefined","Undefined","Undefined","1500m",1,"Final","Olympic Games","Josh Kerr",2,"#C0C0C0",0,5.8730048729607,175.333276003894,0.993040851058842,6.99300699300699,15.9191904842387,0.0907938917646479
"70",10,13.8,3,1,2,14533464,"1997-10-08T00:00:00.000Z","GBR","MALE"," 2024 2023 2022 2021 2020 2019 2018 2017 2016 2015 2014 2013 2012","Undefined","Undefined","Undefined","1500m",1,"Final","Olympic Games","Josh Kerr",2,"#C0C0C0",1,5.8730048729607,175.333276003894,0.993040851058842,7.2463768115942,-3.0333422689036,-0.0173004368482582
"71",11,13.9,3,1,2,14533464,"1997-10-08T00:00:00.000Z","GBR","MALE"," 2024 2023 2022 2021 2020 2019 2018 2017 2016 2015 2014 2013 2012","Undefined","Undefined","Undefined","1500m",1,"Final","Olympic Games","Josh Kerr",2,"#C0C0C0",1,5.8730048729607,175.333276003894,0.993040851058842,7.19424460431655,-21.3985745347499,-0.122045141814806
"72",12,13.8,3,1,2,14533464,"1997-10-08T00:00:00.000Z","GBR","MALE"," 2024 2023 2022 2021 2020 2019 2018 2017 2016 2015 2014 2013 2012","Undefined","Undefined","Undefined","1500m",1,"Final","Olympic Games","Josh Kerr",2,"#C0C0C0",1,5.8730048729607,175.333276003894,0.993040851058842,7.2463768115942,-40.3511072878922,-0.230139470427712
"73",13,13.5,2,1,2,14533464,"1997-10-08T00:00:00.000Z","GBR","MALE"," 2024 2023 2022 2021 2020 2019 2018 2017 2016 2015 2014 2013 2012","Undefined","Undefined","Undefined","1500m",1,"Final","Olympic Games","Josh Kerr",2,"#C0C0C0",1,5.8730048729607,175.333276003894,0.993040851058842,7.40740740740741,-61.0655415029227,-0.348282669979693
"74",14,13.4,2,1,2,14533464,"1997-10-08T00:00:00.000Z","GBR","MALE"," 2024 2023 2022 2021 2020 2019 2018 2017 2016 2015 2014 2013 2012","Undefined","Undefined","Undefined","1500m",1,"Final","Olympic Games","Josh Kerr",2,"#C0C0C0",1,5.8730048729607,175.333276003894,0.993040851058842,7.46268656716418,-82.3672762052493,-0.469775493178031
"75",15,13.2,2,1,2,14533464,"1997-10-08T00:00:00.000Z","GBR","MALE"," 2024 2023 2022 2021 2020 2019 2018 2017 2016 2015 2014 2013 2012","Undefined","Undefined","Undefined","1500m",1,"Final","Olympic Games","Josh Kerr",2,"#C0C0C0",1,5.8730048729607,175.333276003894,0.993040851058842,7.57575757575758,-104.843611882168,-0.597967563669086
"76",1,14.7,11,1,7,-1,"Undefined","NOR","MALE","","Undefined","Undefined","Undefined","1500m",1,"Final","Olympic Games","NORDAS Narve Gilje ",7,"#7E7E7E",0,NA,NA,NA,6.80272108843537,NA,NA
"77",2,14.3,11,1,7,-1,"Undefined","NOR","MALE","","Undefined","Undefined","Undefined","1500m",1,"Final","Olympic Games","NORDAS Narve Gilje ",7,"#7E7E7E",0,NA,NA,NA,6.99300699300699,NA,NA
"78",3,13.7,11,1,7,-1,"Undefined","NOR","MALE","","Undefined","Undefined","Undefined","1500m",1,"Final","Olympic Games","NORDAS Narve Gilje ",7,"#7E7E7E",1,NA,NA,NA,7.2992700729927,NA,NA
"79",4,13.9,11,1,7,-1,"Undefined","NOR","MALE","","Undefined","Undefined","Undefined","1500m",1,"Final","Olympic Games","NORDAS Narve Gilje ",7,"#7E7E7E",1,NA,NA,NA,7.19424460431655,NA,NA
"80",5,14,11,1,7,-1,"Undefined","NOR","MALE","","Undefined","Undefined","Undefined","1500m",1,"Final","Olympic Games","NORDAS Narve Gilje ",7,"#7E7E7E",1,NA,NA,NA,7.14285714285714,NA,NA
"81",6,14,11,1,7,-1,"Undefined","NOR","MALE","","Undefined","Undefined","Undefined","1500m",1,"Final","Olympic Games","NORDAS Narve Gilje ",7,"#7E7E7E",1,NA,NA,NA,7.14285714285714,NA,NA
"82",7,14.1,10,1,7,-1,"Undefined","NOR","MALE","","Undefined","Undefined","Undefined","1500m",1,"Final","Olympic Games","NORDAS Narve Gilje ",7,"#7E7E7E",0,NA,NA,NA,7.09219858156028,NA,NA
"83",8,14.1,10,1,7,-1,"Undefined","NOR","MALE","","Undefined","Undefined","Undefined","1500m",1,"Final","Olympic Games","NORDAS Narve Gilje ",7,"#7E7E7E",0,NA,NA,NA,7.09219858156028,NA,NA
"84",9,14.5,10,1,7,-1,"Undefined","NOR","MALE","","Undefined","Undefined","Undefined","1500m",1,"Final","Olympic Games","NORDAS Narve Gilje ",7,"#7E7E7E",0,NA,NA,NA,6.89655172413793,NA,NA
"85",10,14.2,10,1,7,-1,"Undefined","NOR","MALE","","Undefined","Undefined","Undefined","1500m",1,"Final","Olympic Games","NORDAS Narve Gilje ",7,"#7E7E7E",0,NA,NA,NA,7.04225352112676,NA,NA
"86",11,14.1,9,1,7,-1,"Undefined","NOR","MALE","","Undefined","Undefined","Undefined","1500m",1,"Final","Olympic Games","NORDAS Narve Gilje ",7,"#7E7E7E",0,NA,NA,NA,7.09219858156028,NA,NA
"87",12,13.8,9,1,7,-1,"Undefined","NOR","MALE","","Undefined","Undefined","Undefined","1500m",1,"Final","Olympic Games","NORDAS Narve Gilje ",7,"#7E7E7E",1,NA,NA,NA,7.2463768115942,NA,NA
"88",13,13.9,9,1,7,-1,"Undefined","NOR","MALE","","Undefined","Undefined","Undefined","1500m",1,"Final","Olympic Games","NORDAS Narve Gilje ",7,"#7E7E7E",1,NA,NA,NA,7.19424460431655,NA,NA
"89",14,13.6,8,1,7,-1,"Undefined","NOR","MALE","","Undefined","Undefined","Undefined","1500m",1,"Final","Olympic Games","NORDAS Narve Gilje ",7,"#7E7E7E",1,NA,NA,NA,7.35294117647059,NA,NA
"90",15,13.5,7,1,7,-1,"Undefined","NOR","MALE","","Undefined","Undefined","Undefined","1500m",1,"Final","Olympic Games","NORDAS Narve Gilje ",7,"#7E7E7E",1,NA,NA,NA,7.40740740740741,NA,NA
"91",1,14.3,7,1,10,14513077,"1995-02-07T00:00:00.000Z","GBR","MALE"," 2024 2023 2022 2021 2020 2019 2018 2017 2016 2015 2014 2013 2012","Undefined","Undefined","Undefined","1500m",1,"Final","Olympic Games","Neil Gourley",10,"#959595",0,5.66315709416772,220.437721137239,0.994559375065775,6.99300699300699,201.420867583837,0.913731400164665
"92",2,14.1,8,1,10,14513077,"1995-02-07T00:00:00.000Z","GBR","MALE"," 2024 2023 2022 2021 2020 2019 2018 2017 2016 2015 2014 2013 2012","Undefined","Undefined","Undefined","1500m",1,"Final","Olympic Games","Neil Gourley",10,"#959595",0,5.66315709416772,220.437721137239,0.994559375065775,7.09219858156028,181.271382611602,0.822324698678713
"93",3,13.6,8,1,10,14513077,"1995-02-07T00:00:00.000Z","GBR","MALE"," 2024 2023 2022 2021 2020 2019 2018 2017 2016 2015 2014 2013 2012","Undefined","Undefined","Undefined","1500m",1,"Final","Olympic Games","Neil Gourley",10,"#959595",1,5.66315709416772,220.437721137239,0.994559375065775,7.35294117647059,158.290319092283,0.718072743066218
"94",4,14.2,9,1,10,14513077,"1995-02-07T00:00:00.000Z","GBR","MALE"," 2024 2023 2022 2021 2020 2019 2018 2017 2016 2015 2014 2013 2012","Undefined","Undefined","Undefined","1500m",1,"Final","Olympic Games","Neil Gourley",10,"#959595",0,5.66315709416772,220.437721137239,0.994559375065775,7.04225352112676,138.707149829465,0.629235092405574
"95",5,13.9,9,1,10,14513077,"1995-02-07T00:00:00.000Z","GBR","MALE"," 2024 2023 2022 2021 2020 2019 2018 2017 2016 2015 2014 2013 2012","Undefined","Undefined","Undefined","1500m",1,"Final","Olympic Games","Neil Gourley",10,"#959595",1,5.66315709416772,220.437721137239,0.994559375065775,7.19424460431655,117.425033438396,0.532690289269005
"96",6,14,9,1,10,14513077,"1995-02-07T00:00:00.000Z","GBR","MALE"," 2024 2023 2022 2021 2020 2019 2018 2017 2016 2015 2014 2013 2012","Undefined","Undefined","Undefined","1500m",1,"Final","Olympic Games","Neil Gourley",10,"#959595",1,5.66315709416772,220.437721137239,0.994559375065775,7.14285714285714,96.709232756744,0.438714536957744
"97",7,14.4,9,1,10,14513077,"1995-02-07T00:00:00.000Z","GBR","MALE"," 2024 2023 2022 2021 2020 2019 2018 2017 2016 2015 2014 2013 2012","Undefined","Undefined","Undefined","1500m",1,"Final","Olympic Games","Neil Gourley",10,"#959595",0,5.66315709416772,220.437721137239,0.994559375065775,6.94444444444444,78.2586949127592,0.355014987947718
"98",8,14.1,9,1,10,14513077,"1995-02-07T00:00:00.000Z","GBR","MALE"," 2024 2023 2022 2021 2020 2019 2018 2017 2016 2015 2014 2013 2012","Undefined","Undefined","Undefined","1500m",1,"Final","Olympic Games","Neil Gourley",10,"#959595",0,5.66315709416772,220.437721137239,0.994559375065775,7.09219858156028,58.109209940524,0.263608286461766
"99",9,14.4,9,1,10,14513077,"1995-02-07T00:00:00.000Z","GBR","MALE"," 2024 2023 2022 2021 2020 2019 2018 2017 2016 2015 2014 2013 2012","Undefined","Undefined","Undefined","1500m",1,"Final","Olympic Games","Neil Gourley",10,"#959595",0,5.66315709416772,220.437721137239,0.994559375065775,6.94444444444444,39.6586720965392,0.179908737451739
"100",10,14.3,8,1,10,14513077,"1995-02-07T00:00:00.000Z","GBR","MALE"," 2024 2023 2022 2021 2020 2019 2018 2017 2016 2015 2014 2013 2012","Undefined","Undefined","Undefined","1500m",1,"Final","Olympic Games","Neil Gourley",10,"#959595",0,5.66315709416772,220.437721137239,0.994559375065775,6.99300699300699,20.6418185431376,0.0936401376164044
"101",11,13.8,8,1,10,14513077,"1995-02-07T00:00:00.000Z","GBR","MALE"," 2024 2023 2022 2021 2020 2019 2018 2017 2016 2015 2014 2013 2012","Undefined","Undefined","Undefined","1500m",1,"Final","Olympic Games","Neil Gourley",10,"#959595",1,5.66315709416772,220.437721137239,0.994559375065775,7.2463768115942,-1.20661355734785,-0.00547371634547357
"102",12,13.9,8,1,10,14513077,"1995-02-07T00:00:00.000Z","GBR","MALE"," 2024 2023 2022 2021 2020 2019 2018 2017 2016 2015 2014 2013 2012","Undefined","Undefined","Undefined","1500m",1,"Final","Olympic Games","Neil Gourley",10,"#959595",1,5.66315709416772,220.437721137239,0.994559375065775,7.19424460431655,-22.4887299484165,-0.102018519482043
"103",13,14.2,8,1,10,14513077,"1995-02-07T00:00:00.000Z","GBR","MALE"," 2024 2023 2022 2021 2020 2019 2018 2017 2016 2015 2014 2013 2012","Undefined","Undefined","Undefined","1500m",1,"Final","Olympic Games","Neil Gourley",10,"#959595",0,5.66315709416772,220.437721137239,0.994559375065775,7.04225352112676,-42.0718992112349,-0.190856170142686
"104",14,13.9,9,1,10,14513077,"1995-02-07T00:00:00.000Z","GBR","MALE"," 2024 2023 2022 2021 2020 2019 2018 2017 2016 2015 2014 2013 2012","Undefined","Undefined","Undefined","1500m",1,"Final","Olympic Games","Neil Gourley",10,"#959595",1,5.66315709416772,220.437721137239,0.994559375065775,7.19424460431655,-63.3540156023036,-0.287400973279256
"105",15,13.7,10,1,10,14513077,"1995-02-07T00:00:00.000Z","GBR","MALE"," 2024 2023 2022 2021 2020 2019 2018 2017 2016 2015 2014 2013 2012","Undefined","Undefined","Undefined","1500m",1,"Final","Olympic Games","Neil Gourley",10,"#959595",1,5.66315709416772,220.437721137239,0.994559375065775,7.2992700729927,-85.7687634122058,-0.389083878066442
"106",1,14.6,10,1,6,14910035,"2005-04-17T00:00:00.000Z","NED","MALE"," 2024 2023 2022 2021 2020 2019","Undefined","Undefined","Undefined","1500m",1,"Final","Olympic Games","Niels Laros",6,"#767676",0,5.62239680919843,206.603100483821,0.991021706811323,6.84931506849315,188.690093898118,0.913297493872288
"107",2,14.1,10,1,6,14910035,"2005-04-17T00:00:00.000Z","NED","MALE"," 2024 2023 2022 2021 2020 2019","Undefined","Undefined","Undefined","1500m",1,"Final","Olympic Games","Niels Laros",6,"#767676",0,5.62239680919843,206.603100483821,0.991021706811323,7.09219858156028,167.965888907816,0.812988229675524
"108",3,13.7,10,1,6,14910035,"2005-04-17T00:00:00.000Z","NED","MALE"," 2024 2023 2022 2021 2020 2019","Undefined","Undefined","Undefined","1500m",1,"Final","Olympic Games","Niels Laros",6,"#767676",1,5.62239680919843,206.603100483821,0.991021706811323,7.2992700729927,144.992725193834,0.701793559023519
"109",4,14,10,1,6,14910035,"2005-04-17T00:00:00.000Z","NED","MALE"," 2024 2023 2022 2021 2020 2019","Undefined","Undefined","Undefined","1500m",1,"Final","Olympic Games","Niels Laros",6,"#767676",1,5.62239680919843,206.603100483821,0.991021706811323,7.14285714285714,123.706280522612,0.598762943212945
"110",5,13.5,8,1,6,14910035,"2005-04-17T00:00:00.000Z","NED","MALE"," 2024 2023 2022 2021 2020 2019","Undefined","Undefined","Undefined","1500m",1,"Final","Olympic Games","Niels Laros",6,"#767676",1,5.62239680919843,206.603100483821,0.991021706811323,7.40740740740741,99.6086374467912,0.48212556933332
"111",6,13.9,8,1,6,14910035,"2005-04-17T00:00:00.000Z","NED","MALE"," 2024 2023 2022 2021 2020 2019","Undefined","Undefined","Undefined","1500m",1,"Final","Olympic Games","Niels Laros",6,"#767676",1,5.62239680919843,206.603100483821,0.991021706811323,7.19424460431655,77.7599530946495,0.376373601908936
"112",7,14.5,8,1,6,14910035,"2005-04-17T00:00:00.000Z","NED","MALE"," 2024 2023 2022 2021 2020 2019","Undefined","Undefined","Undefined","1500m",1,"Final","Olympic Games","Niels Laros",6,"#767676",0,5.62239680919843,206.603100483821,0.991021706811323,6.89655172413793,59.2847068280268,0.286949744167414
"113",8,14.1,8,1,6,14910035,"2005-04-17T00:00:00.000Z","NED","MALE"," 2024 2023 2022 2021 2020 2019","Undefined","Undefined","Undefined","1500m",1,"Final","Olympic Games","Niels Laros",6,"#767676",0,5.62239680919843,206.603100483821,0.991021706811323,7.09219858156028,38.5605018377247,0.18664047997065
"114",9,14.4,8,1,6,14910035,"2005-04-17T00:00:00.000Z","NED","MALE"," 2024 2023 2022 2021 2020 2019","Undefined","Undefined","Undefined","1500m",1,"Final","Olympic Games","Niels Laros",6,"#767676",0,5.62239680919843,206.603100483821,0.991021706811323,6.94444444444444,19.5230158901821,0.0944952706153169
"115",10,14.1,7,1,6,14910035,"2005-04-17T00:00:00.000Z","NED","MALE"," 2024 2023 2022 2021 2020 2019","Undefined","Undefined","Undefined","1500m",1,"Final","Olympic Games","Niels Laros",6,"#767676",0,5.62239680919843,206.603100483821,0.991021706811323,7.09219858156028,-1.20118910011993,-0.00581399358144674
"116",11,13.8,7,1,6,14910035,"2005-04-17T00:00:00.000Z","NED","MALE"," 2024 2023 2022 2021 2020 2019","Undefined","Undefined","Undefined","1500m",1,"Final","Olympic Games","Niels Laros",6,"#767676",1,5.62239680919843,206.603100483821,0.991021706811323,7.2463768115942,-23.6121131331815,-0.114287312619641
"117",12,13.7,7,1,6,14910035,"2005-04-17T00:00:00.000Z","NED","MALE"," 2024 2023 2022 2021 2020 2019","Undefined","Undefined","Undefined","1500m",1,"Final","Olympic Games","Niels Laros",6,"#767676",1,5.62239680919843,206.603100483821,0.991021706811323,7.2992700729927,-46.585276847163,-0.225481983271646
"118",13,13.6,7,1,6,14910035,"2005-04-17T00:00:00.000Z","NED","MALE"," 2024 2023 2022 2021 2020 2019","Undefined","Undefined","Undefined","1500m",1,"Final","Olympic Games","Niels Laros",6,"#767676",1,5.62239680919843,206.603100483821,0.991021706811323,7.35294117647059,-70.1206802420643,-0.33939800553746
"119",14,13.5,6,1,6,14910035,"2005-04-17T00:00:00.000Z","NED","MALE"," 2024 2023 2022 2021 2020 2019","Undefined","Undefined","Undefined","1500m",1,"Final","Olympic Games","Niels Laros",6,"#767676",1,5.62239680919843,206.603100483821,0.991021706811323,7.40740740740741,-94.2183233178854,-0.456035379417086
"120",15,14,6,1,6,14910035,"2005-04-17T00:00:00.000Z","NED","MALE"," 2024 2023 2022 2021 2020 2019","Undefined","Undefined","Undefined","1500m",1,"Final","Olympic Games","Niels Laros",6,"#767676",1,5.62239680919843,206.603100483821,0.991021706811323,7.14285714285714,-115.504767989107,-0.559065995227659
"121",1,14.4,8,1,8,14701882,"1999-10-08T00:00:00.000Z","ITA","MALE"," 2024 2023 2022 2021 2020 2019 2018 2017 2016 2015","Undefined","Undefined","Undefined","1500m",1,"Final","Olympic Games","Pietro Arese",8,"#868686",0,5.70374238503607,198.860635469553,0.99112554723033,6.94444444444444,180.994525814072,0.91015763570656
"122",2,13.8,7,1,8,14701882,"1999-10-08T00:00:00.000Z","ITA","MALE"," 2024 2023 2022 2021 2020 2019 2018 2017 2016 2015","Undefined","Undefined","Undefined","1500m",1,"Final","Olympic Games","Pietro Arese",8,"#868686",1,5.70374238503607,198.860635469553,0.99112554723033,7.2463768115942,159.70617072757,0.803106006125694
"123",3,13.8,7,1,8,14701882,"1999-10-08T00:00:00.000Z","ITA","MALE"," 2024 2023 2022 2021 2020 2019 2018 2017 2016 2015","Undefined","Undefined","Undefined","1500m",1,"Final","Olympic Games","Pietro Arese",8,"#868686",1,5.70374238503607,198.860635469553,0.99112554723033,7.2463768115942,138.417815641068,0.696054376544828
"124",4,14,8,1,8,14701882,"1999-10-08T00:00:00.000Z","ITA","MALE"," 2024 2023 2022 2021 2020 2019 2018 2017 2016 2015","Undefined","Undefined","Undefined","1500m",1,"Final","Olympic Games","Pietro Arese",8,"#868686",1,5.70374238503607,198.860635469553,0.99112554723033,7.14285714285714,118.270209031573,0.594739168726438
"125",5,14.1,10,1,8,14701882,"1999-10-08T00:00:00.000Z","ITA","MALE"," 2024 2023 2022 2021 2020 2019 2018 2017 2016 2015","Undefined","Undefined","Undefined","1500m",1,"Final","Olympic Games","Pietro Arese",8,"#868686",0,5.70374238503607,198.860635469553,0.99112554723033,7.09219858156028,98.6929766605817,0.496292171789285
"126",6,14.3,10,1,8,14701882,"1999-10-08T00:00:00.000Z","ITA","MALE"," 2024 2023 2022 2021 2020 2019 2018 2017 2016 2015","Undefined","Undefined","Undefined","1500m",1,"Final","Olympic Games","Pietro Arese",8,"#868686",0,5.70374238503607,198.860635469553,0.99112554723033,6.99300699300699,80.2564927665975,0.403581596614607
"127",7,14.4,11,1,8,14701882,"1999-10-08T00:00:00.000Z","ITA","MALE"," 2024 2023 2022 2021 2020 2019 2018 2017 2016 2015","Undefined","Undefined","Undefined","1500m",1,"Final","Olympic Games","Pietro Arese",8,"#868686",0,5.70374238503607,198.860635469553,0.99112554723033,6.94444444444444,62.3903831111169,0.313739232321167
"128",8,14.2,11,1,8,14701882,"1999-10-08T00:00:00.000Z","ITA","MALE"," 2024 2023 2022 2021 2020 2019 2018 2017 2016 2015","Undefined","Undefined","Undefined","1500m",1,"Final","Olympic Games","Pietro Arese",8,"#868686",0,5.70374238503607,198.860635469553,0.99112554723033,7.04225352112676,43.3835249786292,0.218160446265251
"129",9,14.5,11,1,8,14701882,"1999-10-08T00:00:00.000Z","ITA","MALE"," 2024 2023 2022 2021 2020 2019 2018 2017 2016 2015","Undefined","Undefined","Undefined","1500m",1,"Final","Olympic Games","Pietro Arese",8,"#868686",0,5.70374238503607,198.860635469553,0.99112554723033,6.89655172413793,26.0877895616522,0.131186292853049
"130",10,14.2,11,1,8,14701882,"1999-10-08T00:00:00.000Z","ITA","MALE"," 2024 2023 2022 2021 2020 2019 2018 2017 2016 2015","Undefined","Undefined","Undefined","1500m",1,"Final","Olympic Games","Pietro Arese",8,"#868686",0,5.70374238503607,198.860635469553,0.99112554723033,7.04225352112676,7.08093142916445,0.0356075067971338
"131",11,14.2,10,1,8,14701882,"1999-10-08T00:00:00.000Z","ITA","MALE"," 2024 2023 2022 2021 2020 2019 2018 2017 2016 2015","Undefined","Undefined","Undefined","1500m",1,"Final","Olympic Games","Pietro Arese",8,"#868686",0,5.70374238503607,198.860635469553,0.99112554723033,7.04225352112676,-11.9259267033233,-0.0599712792587816
"132",12,13.7,10,1,8,14701882,"1999-10-08T00:00:00.000Z","ITA","MALE"," 2024 2023 2022 2021 2020 2019 2018 2017 2016 2015","Undefined","Undefined","Undefined","1500m",1,"Final","Olympic Games","Pietro Arese",8,"#868686",1,5.70374238503607,198.860635469553,0.99112554723033,7.2992700729927,-33.7846560283291,-0.169891119720885
"133",13,13.9,10,1,8,14701882,"1999-10-08T00:00:00.000Z","ITA","MALE"," 2024 2023 2022 2021 2020 2019 2018 2017 2016 2015","Undefined","Undefined","Undefined","1500m",1,"Final","Olympic Games","Pietro Arese",8,"#868686",1,5.70374238503607,198.860635469553,0.99112554723033,7.19424460431655,-54.5026368763277,-0.274074538420513
"134",14,13.8,10,1,8,14701882,"1999-10-08T00:00:00.000Z","ITA","MALE"," 2024 2023 2022 2021 2020 2019 2018 2017 2016 2015","Undefined","Undefined","Undefined","1500m",1,"Final","Olympic Games","Pietro Arese",8,"#868686",1,5.70374238503607,198.860635469553,0.99112554723033,7.2463768115942,-75.7909919628299,-0.381126168001379
"135",15,13.4,8,1,8,14701882,"1999-10-08T00:00:00.000Z","ITA","MALE"," 2024 2023 2022 2021 2020 2019 2018 2017 2016 2015","Undefined","Undefined","Undefined","1500m",1,"Final","Olympic Games","Pietro Arese",8,"#868686",1,5.70374238503607,198.860635469553,0.99112554723033,7.46268656716418,-99.3608440033465,-0.499650641107196
"136",1,14.8,12,1,9,14910032,"2003-01-02T00:00:00.000Z","NED","MALE"," 2024 2023 2022 2021 2020 2019","Undefined","Undefined","Undefined","1500m",1,"Final","Olympic Games","Stefan Nillessen",9,"#8E8E8E",0,5.54566219743151,216.561829501629,0.978965316309918,6.75675675675676,198.637630023615,0.91723287746847
"137",2,14.4,12,1,9,14910032,"2003-01-02T00:00:00.000Z","NED","MALE"," 2024 2023 2022 2021 2020 2019","Undefined","Undefined","Undefined","1500m",1,"Final","Olympic Games","Stefan Nillessen",9,"#8E8E8E",0,5.54566219743151,216.561829501629,0.978965316309918,6.94444444444444,178.495165666629,0.824222653075095
"138",3,13.7,12,1,9,14910032,"2003-01-02T00:00:00.000Z","NED","MALE"," 2024 2023 2022 2021 2020 2019","Undefined","Undefined","Undefined","1500m",1,"Final","Olympic Games","Stefan Nillessen",9,"#8E8E8E",1,5.54566219743151,216.561829501629,0.978965316309918,7.2992700729927,154.47073777144,0.713287000423492
"139",4,13.9,12,1,9,14910032,"2003-01-02T00:00:00.000Z","NED","MALE"," 2024 2023 2022 2021 2020 2019","Undefined","Undefined","Undefined","1500m",1,"Final","Olympic Games","Stefan Nillessen",9,"#8E8E8E",1,5.54566219743151,216.561829501629,0.978965316309918,7.19424460431655,131.555442315738,0.607472898702811
"140",5,14,12,1,9,14910032,"2003-01-02T00:00:00.000Z","NED","MALE"," 2024 2023 2022 2021 2020 2019","Undefined","Undefined","Undefined","1500m",1,"Final","Olympic Games","Stefan Nillessen",9,"#8E8E8E",1,5.54566219743151,216.561829501629,0.978965316309918,7.14285714285714,109.19471307978,0.504219572447592
"141",6,14,12,1,9,14910032,"2003-01-02T00:00:00.000Z","NED","MALE"," 2024 2023 2022 2021 2020 2019","Undefined","Undefined","Undefined","1500m",1,"Final","Olympic Games","Stefan Nillessen",9,"#8E8E8E",1,5.54566219743151,216.561829501629,0.978965316309918,7.14285714285714,86.8339838438206,0.400966246192372
"142",7,14.2,12,1,9,14910032,"2003-01-02T00:00:00.000Z","NED","MALE"," 2024 2023 2022 2021 2020 2019","Undefined","Undefined","Undefined","1500m",1,"Final","Olympic Games","Stefan Nillessen",9,"#8E8E8E",0,5.54566219743151,216.561829501629,0.978965316309918,7.04225352112676,65.582387047348,0.302834470868075
"143",8,14.3,12,1,9,14910032,"2003-01-02T00:00:00.000Z","NED","MALE"," 2024 2023 2022 2021 2020 2019","Undefined","Undefined","Undefined","1500m",1,"Final","Olympic Games","Stefan Nillessen",9,"#8E8E8E",0,5.54566219743151,216.561829501629,0.978965316309918,6.99300699300699,44.8853564706186,0.207263471009239
"144",9,14.5,12,1,9,14910032,"2003-01-02T00:00:00.000Z","NED","MALE"," 2024 2023 2022 2021 2020 2019","Undefined","Undefined","Undefined","1500m",1,"Final","Olympic Games","Stefan Nillessen",9,"#8E8E8E",0,5.54566219743151,216.561829501629,0.978965316309918,6.89655172413793,25.2974583333754,0.116814022081325
"145",10,14.1,12,1,9,14910032,"2003-01-02T00:00:00.000Z","NED","MALE"," 2024 2023 2022 2021 2020 2019","Undefined","Undefined","Undefined","1500m",1,"Final","Olympic Games","Stefan Nillessen",9,"#8E8E8E",0,5.54566219743151,216.561829501629,0.978965316309918,7.09219858156028,3.49129531715966,0.0161214712915666
"146",11,14.1,11,1,9,14910032,"2003-01-02T00:00:00.000Z","NED","MALE"," 2024 2023 2022 2021 2020 2019","Undefined","Undefined","Undefined","1500m",1,"Final","Olympic Games","Stefan Nillessen",9,"#8E8E8E",0,5.54566219743151,216.561829501629,0.978965316309918,7.09219858156028,-18.3148676990561,-0.0845710794981918
"147",12,13.9,11,1,9,14910032,"2003-01-02T00:00:00.000Z","NED","MALE"," 2024 2023 2022 2021 2020 2019","Undefined","Undefined","Undefined","1500m",1,"Final","Olympic Games","Stefan Nillessen",9,"#8E8E8E",1,5.54566219743151,216.561829501629,0.978965316309918,7.19424460431655,-41.2301631547582,-0.190385181218872
"148",13,13.8,11,1,9,14910032,"2003-01-02T00:00:00.000Z","NED","MALE"," 2024 2023 2022 2021 2020 2019","Undefined","Undefined","Undefined","1500m",1,"Final","Olympic Games","Stefan Nillessen",9,"#8E8E8E",1,5.54566219743151,216.561829501629,0.978965316309918,7.2463768115942,-64.7000248302033,-0.298760058405014
"149",14,13.7,11,1,9,14910032,"2003-01-02T00:00:00.000Z","NED","MALE"," 2024 2023 2022 2021 2020 2019","Undefined","Undefined","Undefined","1500m",1,"Final","Olympic Games","Stefan Nillessen",9,"#8E8E8E",1,5.54566219743151,216.561829501629,0.978965316309918,7.2992700729927,-88.7244527253917,-0.409695711056617
"150",15,13.3,9,1,9,14910032,"2003-01-02T00:00:00.000Z","NED","MALE"," 2024 2023 2022 2021 2020 2019","Undefined","Undefined","Undefined","1500m",1,"Final","Olympic Games","Stefan Nillessen",9,"#8E8E8E",1,5.54566219743151,216.561829501629,0.978965316309918,7.5187969924812,-114.967145499553,-0.530874465570065
"151",1,14.3,6,1,11,14643526,"1995-11-20T00:00:00.000Z","KEN","MALE"," 2024 2023 2022 2021 2020 2019 2018 2017 2016 2015 2014","Undefined","Undefined","Undefined","1500m",1,"Final","Olympic Games","Timothy Cheruiyot",11,"#9B9B9B",0,6.28200128276273,143.629433709492,0.989318353372838,6.99300699300699,133.462052052999,0.929211016197016
"152",2,13.4,4,1,11,14643526,"1995-11-20T00:00:00.000Z","KEN","MALE"," 2024 2023 2022 2021 2020 2019 2018 2017 2016 2015 2014","Undefined","Undefined","Undefined","1500m",1,"Final","Olympic Games","Timothy Cheruiyot",11,"#9B9B9B",1,6.28200128276273,143.629433709492,0.989318353372838,7.46268656716418,117.640869242019,0.819058226463265
"153",3,13.7,4,1,11,14643526,"1995-11-20T00:00:00.000Z","KEN","MALE"," 2024 2023 2022 2021 2020 2019 2018 2017 2016 2015 2014","Undefined","Undefined","Undefined","1500m",1,"Final","Olympic Games","Timothy Cheruiyot",11,"#9B9B9B",1,6.28200128276273,143.629433709492,0.989318353372838,7.2992700729927,103.704286815869,0.722026705373102
"154",4,13.8,4,1,11,14643526,"1995-11-20T00:00:00.000Z","KEN","MALE"," 2024 2023 2022 2021 2020 2019 2018 2017 2016 2015 2014","Undefined","Undefined","Undefined","1500m",1,"Final","Olympic Games","Timothy Cheruiyot",11,"#9B9B9B",1,6.28200128276273,143.629433709492,0.989318353372838,7.2463768115942,90.3959045179943,0.62936894049747
"155",5,14,4,1,11,14643526,"1995-11-20T00:00:00.000Z","KEN","MALE"," 2024 2023 2022 2021 2020 2019 2018 2017 2016 2015 2014","Undefined","Undefined","Undefined","1500m",1,"Final","Olympic Games","Timothy Cheruiyot",11,"#9B9B9B",1,6.28200128276273,143.629433709492,0.989318353372838,7.14285714285714,78.3439224766725,0.545458688050897
"156",6,14.1,4,1,11,14643526,"1995-11-20T00:00:00.000Z","KEN","MALE"," 2024 2023 2022 2021 2020 2019 2018 2017 2016 2015 2014","Undefined","Undefined","Undefined","1500m",1,"Final","Olympic Games","Timothy Cheruiyot",11,"#9B9B9B",0,6.28200128276273,143.629433709492,0.989318353372838,7.09219858156028,66.920140563627,0.465922191818853
"157",7,14.1,3,1,11,14643526,"1995-11-20T00:00:00.000Z","KEN","MALE"," 2024 2023 2022 2021 2020 2019 2018 2017 2016 2015 2014","Undefined","Undefined","Undefined","1500m",1,"Final","Olympic Games","Timothy Cheruiyot",11,"#9B9B9B",0,6.28200128276273,143.629433709492,0.989318353372838,7.09219858156028,55.4963586505815,0.38638569558681
"158",8,14.5,4,1,11,14643526,"1995-11-20T00:00:00.000Z","KEN","MALE"," 2024 2023 2022 2021 2020 2019 2018 2017 2016 2015 2014","Undefined","Undefined","Undefined","1500m",1,"Final","Olympic Games","Timothy Cheruiyot",11,"#9B9B9B",0,6.28200128276273,143.629433709492,0.989318353372838,6.89655172413793,46.5853772506411,0.324344224212885
"159",9,14,2,1,11,14643526,"1995-11-20T00:00:00.000Z","KEN","MALE"," 2024 2023 2022 2021 2020 2019 2018 2017 2016 2015 2014","Undefined","Undefined","Undefined","1500m",1,"Final","Olympic Games","Timothy Cheruiyot",11,"#9B9B9B",1,6.28200128276273,143.629433709492,0.989318353372838,7.14285714285714,34.5333952093193,0.240433971766312
"160",10,13.8,2,1,11,14643526,"1995-11-20T00:00:00.000Z","KEN","MALE"," 2024 2023 2022 2021 2020 2019 2018 2017 2016 2015 2014","Undefined","Undefined","Undefined","1500m",1,"Final","Olympic Games","Timothy Cheruiyot",11,"#9B9B9B",1,6.28200128276273,143.629433709492,0.989318353372838,7.2463768115942,21.225012911445,0.14777620689068
"161",11,14,2,1,11,14643526,"1995-11-20T00:00:00.000Z","KEN","MALE"," 2024 2023 2022 2021 2020 2019 2018 2017 2016 2015 2014","Undefined","Undefined","Undefined","1500m",1,"Final","Olympic Games","Timothy Cheruiyot",11,"#9B9B9B",1,6.28200128276273,143.629433709492,0.989318353372838,7.14285714285714,9.17303087012321,0.0638659544441066
"162",12,13.9,2,1,11,14643526,"1995-11-20T00:00:00.000Z","KEN","MALE"," 2024 2023 2022 2021 2020 2019 2018 2017 2016 2015 2014","Undefined","Undefined","Undefined","1500m",1,"Final","Olympic Games","Timothy Cheruiyot",11,"#9B9B9B",1,6.28200128276273,143.629433709492,0.989318353372838,7.19424460431655,-3.50715129947483,-0.0244180542169962
"163",13,14,5,1,11,14643526,"1995-11-20T00:00:00.000Z","KEN","MALE"," 2024 2023 2022 2021 2020 2019 2018 2017 2016 2015 2014","Undefined","Undefined","Undefined","1500m",1,"Final","Olympic Games","Timothy Cheruiyot",11,"#9B9B9B",1,6.28200128276273,143.629433709492,0.989318353372838,7.14285714285714,-15.5591333407966,-0.108328306663569
"164",14,14.6,7,1,11,14643526,"1995-11-20T00:00:00.000Z","KEN","MALE"," 2024 2023 2022 2021 2020 2019 2018 2017 2016 2015 2014","Undefined","Undefined","Undefined","1500m",1,"Final","Olympic Games","Timothy Cheruiyot",11,"#9B9B9B",0,6.28200128276273,143.629433709492,0.989318353372838,6.84931506849315,-23.8419146124607,-0.165996021822964
"165",15,15.1,11,1,11,14643526,"1995-11-20T00:00:00.000Z","KEN","MALE"," 2024 2023 2022 2021 2020 2019 2018 2017 2016 2015 2014","Undefined","Undefined","Undefined","1500m",1,"Final","Olympic Games","Timothy Cheruiyot",11,"#9B9B9B",0,6.28200128276273,143.629433709492,0.989318353372838,6.62251655629139,-28.9836952427435,-0.20179495590971
"166",1,14.2,4,1,3,14798735,"1999-06-01T00:00:00.000Z","USA","MALE"," 2024 2023 2022 2021 2020 2019 2018 2017","Undefined","Undefined","Undefined","1500m",1,"Final","Olympic Games","Yared Nuguse",3,"#CD7F32",0,5.93832988249873,205.654087093867,0.996096706841071,7.04225352112676,189.978371425349,0.923776298881125
"167",2,13.7,6,1,3,14798735,"1999-06-01T00:00:00.000Z","USA","MALE"," 2024 2023 2022 2021 2020 2019 2018 2017","Undefined","Undefined","Undefined","1500m",1,"Final","Olympic Games","Yared Nuguse",3,"#CD7F32",1,5.93832988249873,205.654087093867,0.996096706841071,7.2992700729927,171.333490815581,0.833114932150021
"168",3,13.6,5,1,3,14798735,"1999-06-01T00:00:00.000Z","USA","MALE"," 2024 2023 2022 2021 2020 2019 2018 2017","Undefined","Undefined","Undefined","1500m",1,"Final","Olympic Games","Yared Nuguse",3,"#CD7F32",1,5.93832988249873,205.654087093867,0.996096706841071,7.35294117647059,152.094777217564,0.739566032296472
"169",4,14,6,1,3,14798735,"1999-06-01T00:00:00.000Z","USA","MALE"," 2024 2023 2022 2021 2020 2019 2018 2017","Undefined","Undefined","Undefined","1500m",1,"Final","Olympic Games","Yared Nuguse",3,"#CD7F32",1,5.93832988249873,205.654087093867,0.996096706841071,7.14285714285714,135.231395572546,0.657567264932705
"170",5,13.9,6,1,3,14798735,"1999-06-01T00:00:00.000Z","USA","MALE"," 2024 2023 2022 2021 2020 2019 2018 2017","Undefined","Undefined","Undefined","1500m",1,"Final","Olympic Games","Yared Nuguse",3,"#CD7F32",1,5.93832988249873,205.654087093867,0.996096706841071,7.19424460431655,117.774180939279,0.572680964446493
"171",6,14.1,6,1,3,14798735,"1999-06-01T00:00:00.000Z","USA","MALE"," 2024 2023 2022 2021 2020 2019 2018 2017","Undefined","Undefined","Undefined","1500m",1,"Final","Olympic Games","Yared Nuguse",3,"#CD7F32",0,5.93832988249873,205.654087093867,0.996096706841071,7.09219858156028,101.504632282511,0.493569730205173
"172",7,14.4,6,1,3,14798735,"1999-06-01T00:00:00.000Z","USA","MALE"," 2024 2023 2022 2021 2020 2019 2018 2017","Undefined","Undefined","Undefined","1500m",1,"Final","Olympic Games","Yared Nuguse",3,"#CD7F32",0,5.93832988249873,205.654087093867,0.996096706841071,6.94444444444444,87.0165825904925,0.423121095331189
"173",8,14.2,6,1,3,14798735,"1999-06-01T00:00:00.000Z","USA","MALE"," 2024 2023 2022 2021 2020 2019 2018 2017","Undefined","Undefined","Undefined","1500m",1,"Final","Olympic Games","Yared Nuguse",3,"#CD7F32",0,5.93832988249873,205.654087093867,0.996096706841071,7.04225352112676,71.3408669219746,0.346897394212314
"174",9,14.2,4,1,3,14798735,"1999-06-01T00:00:00.000Z","USA","MALE"," 2024 2023 2022 2021 2020 2019 2018 2017","Undefined","Undefined","Undefined","1500m",1,"Final","Olympic Games","Yared Nuguse",3,"#CD7F32",0,5.93832988249873,205.654087093867,0.996096706841071,7.04225352112676,55.6651512534566,0.270673693093439
"175",10,13.9,4,1,3,14798735,"1999-06-01T00:00:00.000Z","USA","MALE"," 2024 2023 2022 2021 2020 2019 2018 2017","Undefined","Undefined","Undefined","1500m",1,"Final","Olympic Games","Yared Nuguse",3,"#CD7F32",1,5.93832988249873,205.654087093867,0.996096706841071,7.19424460431655,38.207936620189,0.185787392607227
"176",11,13.9,4,1,3,14798735,"1999-06-01T00:00:00.000Z","USA","MALE"," 2024 2023 2022 2021 2020 2019 2018 2017","Undefined","Undefined","Undefined","1500m",1,"Final","Olympic Games","Yared Nuguse",3,"#CD7F32",1,5.93832988249873,205.654087093867,0.996096706841071,7.19424460431655,20.7507219869213,0.100901092121014
"177",12,13.9,4,1,3,14798735,"1999-06-01T00:00:00.000Z","USA","MALE"," 2024 2023 2022 2021 2020 2019 2018 2017","Undefined","Undefined","Undefined","1500m",1,"Final","Olympic Games","Yared Nuguse",3,"#CD7F32",1,5.93832988249873,205.654087093867,0.996096706841071,7.19424460431655,3.29350735365374,0.0160147916348022
"178",13,13.5,4,1,3,14798735,"1999-06-01T00:00:00.000Z","USA","MALE"," 2024 2023 2022 2021 2020 2019 2018 2017","Undefined","Undefined","Undefined","1500m",1,"Final","Olympic Games","Yared Nuguse",3,"#CD7F32",1,5.93832988249873,205.654087093867,0.996096706841071,7.40740740740741,-16.5390392326134,-0.0804216413411928
"179",14,13.3,4,1,3,14798735,"1999-06-01T00:00:00.000Z","USA","MALE"," 2024 2023 2022 2021 2020 2019 2018 2017","Undefined","Undefined","Undefined","1500m",1,"Final","Olympic Games","Yared Nuguse",3,"#CD7F32",1,5.93832988249873,205.654087093867,0.996096706841071,7.5187969924812,-37.5592517953802,-0.182633140562079
"180",15,13,3,1,3,14798735,"1999-06-01T00:00:00.000Z","USA","MALE"," 2024 2023 2022 2021 2020 2019 2018 2017","Undefined","Undefined","Undefined","1500m",1,"Final","Olympic Games","Yared Nuguse",3,"#CD7F32",1,5.93832988249873,205.654087093867,0.996096706841071,7.69230769230769,-60.3609633228967,-0.293507239150303
